<?xml version="1.0" encoding="UTF-8"?>
<!DOCTYPE plist PUBLIC "-//Apple//DTD PLIST 1.0//EN" "http://www.apple.com/DTDs/PropertyList-1.0.dtd">
<plist version="1.0">
<dict>
	<key>files</key>
	<dict>
		<key>Base.lproj/LaunchScreen.storyboardc/01J-lp-oVM-view-Ze5-6b-2t3.nib</key>
		<data>
		gwfgZH5GFXPhDaZqrP7thpA0c9g=
		</data>
		<key>Base.lproj/LaunchScreen.storyboardc/Info.plist</key>
		<data>
		n2t8gsDpfE6XkhG31p7IQJRxTxU=
		</data>
		<key>Base.lproj/LaunchScreen.storyboardc/UIViewController-01J-lp-oVM.nib</key>
		<data>
		ZVgM1+KwZcZnwhgaI0F7Bt1ba2c=
		</data>
		<key>Base.lproj/Main.storyboardc/BYZ-38-t0r-view-8bC-Xf-vdC.nib</key>
		<data>
		gwfgZH5GFXPhDaZqrP7thpA0c9g=
		</data>
		<key>Base.lproj/Main.storyboardc/Info.plist</key>
		<data>
		MDrKFvFWroTb0+KEbQShBcoBvo4=
		</data>
		<key>Base.lproj/Main.storyboardc/UIViewController-BYZ-38-t0r.nib</key>
		<data>
		ZWEH00PdpvVa5eDmJNpt4P2lJJg=
		</data>
		<key>Info.plist</key>
		<data>
		08rikzup336Q93N0iNJURpvhUvQ=
		</data>
		<key>PkgInfo</key>
		<data>
		n57qDP4tZfLD1rCS43W0B4LQjzE=
		</data>
		<key>TrueDepthPoseApp.debug.dylib</key>
		<data>
		PNW71/o/oHta2yELj6noXtZNaws=
		</data>
		<key>__preview.dylib</key>
		<data>
		znJjTuAduTnxeEgSHYgpemzxWVI=
		</data>
		<key>embedded.mobileprovision</key>
		<data>
		zHCfuME/lxMDhlNzv/G2JqEsxJw=
		</data>
	</dict>
	<key>files2</key>
	<dict>
		<key>Base.lproj/LaunchScreen.storyboardc/01J-lp-oVM-view-Ze5-6b-2t3.nib</key>
		<dict>
			<key>hash2</key>
			<data>
			z24krkMdTZmEwqmtpvD7IK9N6ly/XJxWIjk/WvCnNhQ=
			</data>
		</dict>
		<key>Base.lproj/LaunchScreen.storyboardc/Info.plist</key>
		<dict>
			<key>hash2</key>
			<data>
			HyVdXMU7Ux4/KalAao30mpWOK/lEPT4gvYN09wf31cg=
			</data>
		</dict>
		<key>Base.lproj/LaunchScreen.storyboardc/UIViewController-01J-lp-oVM.nib</key>
		<dict>
			<key>hash2</key>
			<data>
			VPNjf2cf66XxnoLsT0p/tEi7PPwPsYDwiapXH8jwU+I=
			</data>
		</dict>
		<key>Base.lproj/Main.storyboardc/BYZ-38-t0r-view-8bC-Xf-vdC.nib</key>
		<dict>
			<key>hash2</key>
			<data>
			z24krkMdTZmEwqmtpvD7IK9N6ly/XJxWIjk/WvCnNhQ=
			</data>
		</dict>
		<key>Base.lproj/Main.storyboardc/Info.plist</key>
		<dict>
			<key>hash2</key>
			<data>
			PpvapAjR62rl6Ym4E6hkTgpKmBICxTaQXeUqcpHmmqQ=
			</data>
		</dict>
		<key>Base.lproj/Main.storyboardc/UIViewController-BYZ-38-t0r.nib</key>
		<dict>
			<key>hash2</key>
			<data>
			QncKAxpnJ3FB66LHnSuqTcO5o9ikE1/g9YXMGYVQ9IY=
			</data>
		</dict>
		<key>TrueDepthPoseApp.debug.dylib</key>
		<dict>
			<key>hash2</key>
			<data>
			CsUKcoYD9zwaSBY3phW7P+a5Tp1YgI4jruApid1hMQ8=
			</data>
		</dict>
		<key>__preview.dylib</key>
		<dict>
			<key>hash2</key>
			<data>
			KerHz+xR4zvgiSZxTjmS2ZBx5LcbrHAt1d4IOX0OCD0=
			</data>
		</dict>
		<key>embedded.mobileprovision</key>
		<dict>
			<key>hash2</key>
			<data>
			YWymqx12s3WKCNE7Wb4Wb0HyYpPEFjHnUe61+1CC3i0=
			</data>
		</dict>
	</dict>
	<key>rules</key>
	<dict>
		<key>^.*</key>
		<true/>
		<key>^.*\.lproj/</key>
		<dict>
			<key>optional</key>
			<true/>
			<key>weight</key>
			<real>1000</real>
		</dict>
		<key>^.*\.lproj/locversion.plist$</key>
		<dict>
			<key>omit</key>
			<true/>
			<key>weight</key>
			<real>1100</real>
		</dict>
		<key>^Base\.lproj/</key>
		<dict>
			<key>weight</key>
			<real>1010</real>
		</dict>
		<key>^version.plist$</key>
		<true/>
	</dict>
	<key>rules2</key>
	<dict>
		<key>.*\.dSYM($|/)</key>
		<dict>
			<key>weight</key>
			<real>11</real>
		</dict>
		<key>^(.*/)?\.DS_Store$</key>
		<dict>
			<key>omit</key>
			<true/>
			<key>weight</key>
			<real>2000</real>
		</dict>
		<key>^.*</key>
		<true/>
		<key>^.*\.lproj/</key>
		<dict>
			<key>optional</key>
			<true/>
			<key>weight</key>
			<real>1000</real>
		</dict>
		<key>^.*\.lproj/locversion.plist$</key>
		<dict>
			<key>omit</key>
			<true/>
			<key>weight</key>
			<real>1100</real>
		</dict>
		<key>^Base\.lproj/</key>
		<dict>
			<key>weight</key>
			<real>1010</real>
		</dict>
		<key>^Info\.plist$</key>
		<dict>
			<key>omit</key>
			<true/>
			<key>weight</key>
			<real>20</real>
		</dict>
		<key>^PkgInfo$</key>
		<dict>
			<key>omit</key>
			<true/>
			<key>weight</key>
			<real>20</real>
		</dict>
		<key>^embedded\.provisionprofile$</key>
		<dict>
			<key>weight</key>
			<real>20</real>
		</dict>
		<key>^version\.plist$</key>
		<dict>
			<key>weight</key>
			<real>20</real>
		</dict>
	</dict>
</dict>
</plist>
